Workbook

Sheet Summary
A1: Summary: Actual vs Plan by Department
A3: Reporting month | B3: 46082
A5: Department | B5: Planned Headcount | C5: Actual Headcount | D5: Headcount Variance | E5: Headcount Variance % | F5: FY Planned Spend (Rs lakh) | G5: FY Actual Spend (Rs lakh) | H5: Spend Variance (Rs lakh) | I5: Spend Variance %
A6: Engineering | B6: =SUMIFS(Data!$F$2:$F$49,Data!$B$2:$B$49,$A6,Data!$A$2:$A$49,$B$3) -> 96 | C6: =SUMIFS(Data!$G$2:$G$49,Data!$B$2:$B$49,$A6,Data!$A$2:$A$49,$B$3) -> 82 | D6: =C6-B6 -> -14 | E6: =IF(B6=0,0,D6/B6) -> -0.14583333 | F6: =SUMIFS(Data!$J$2:$J$49,Data!$B$2:$B$49,$A6) -> 2458.8 | G6: =SUMIFS(Data!$K$2:$K$49,Data!$B$2:$B$49,$A6) -> 2176.5 | H6: =G6-F6 -> -282.3 | I6: =IF(F6=0,0,H6/F6) -> -0.1148121
A7: Finance | B7: =SUMIFS(Data!$F$2:$F$49,Data!$B$2:$B$49,$A7,Data!$A$2:$A$49,$B$3) -> 24 | C7: =SUMIFS(Data!$G$2:$G$49,Data!$B$2:$B$49,$A7,Data!$A$2:$A$49,$B$3) -> 23 | D7: =C7-B7 -> -1 | E7: =IF(B7=0,0,D7/B7) -> -0.041666667 | F7: =SUMIFS(Data!$J$2:$J$49,Data!$B$2:$B$49,$A7) -> 582 | G7: =SUMIFS(Data!$K$2:$K$49,Data!$B$2:$B$49,$A7) -> 565.7 | H7: =G7-F7 -> -16.3 | I7: =IF(F7=0,0,H7/F7) -> -0.028006873
A8: Operations | B8: =SUMIFS(Data!$F$2:$F$49,Data!$B$2:$B$49,$A8,Data!$A$2:$A$49,$B$3) -> 60 | C8: =SUMIFS(Data!$G$2:$G$49,Data!$B$2:$B$49,$A8,Data!$A$2:$A$49,$B$3) -> 58 | D8: =C8-B8 -> -2 | E8: =IF(B8=0,0,D8/B8) -> -0.033333333 | F8: =SUMIFS(Data!$J$2:$J$49,Data!$B$2:$B$49,$A8) -> 1036.8 | G8: =SUMIFS(Data!$K$2:$K$49,Data!$B$2:$B$49,$A8) -> 1147.9 | H8: =G8-F8 -> 111.1 | I8: =IF(F8=0,0,H8/F8) -> 0.10715664
A9: Product | B9: =SUMIFS(Data!$F$2:$F$49,Data!$B$2:$B$49,$A9,Data!$A$2:$A$49,$B$3) -> 37 | C9: =SUMIFS(Data!$G$2:$G$49,Data!$B$2:$B$49,$A9,Data!$A$2:$A$49,$B$3) -> 30 | D9: =C9-B9 -> -7 | E9: =IF(B9=0,0,D9/B9) -> -0.18918919 | F9: =SUMIFS(Data!$J$2:$J$49,Data!$B$2:$B$49,$A9) -> 900 | G9: =SUMIFS(Data!$K$2:$K$49,Data!$B$2:$B$49,$A9) -> 784.2 | H9: =G9-F9 -> -115.8 | I9: =IF(F9=0,0,H9/F9) -> -0.12866667
A10: Total | B10: =SUM(B6:B9) -> 217 | C10: =SUM(C6:C9) -> 193 | D10: =C10-B10 -> -24 | E10: =IF(B10=0,0,D10/B10) -> -0.11059908 | F10: =SUM(F6:F9) -> 4977.6 | G10: =SUM(G6:G9) -> 4674.3 | H10: =G10-F10 -> -303.3 | I10: =IF(F10=0,0,H10/F10) -> -0.06093298
A12: Spend totals cover the full fiscal year; headcount shows the reporting month selected in B3. Simulated sample data.

Sheet Assumptions
A1: Sample Data: Actual vs Plan Headcount & Spend (FY Apr 2025 - Mar 2026)
A3: IMPORTANT: All figures are SIMULATED sample data created for a portfolio project. They do not come from any real company.
A4: Unit for spend: Rs lakh per month. Fiscal year runs April 2025 to March 2026.
A5: Planned Headcount = prior month Planned Headcount + Planned Hires.
A6: Actual Headcount = prior month Actual Headcount + Actual Hires - Attrition.
A7: Variance = Actual - Plan. Variance % = Variance / Plan.
A8: Blue font = input value you can edit. Black font = formula. Green font = link to another sheet.
A9: Planned spend was built as (planned headcount x cost per head) + other operating expense; actual spend was simulated around it.
A11: Opening headcount (31 Mar 2025)
A12: Department | B12: Opening Headcount
A13: Engineering | B13: 60
A14: Finance | B14: 20
A15: Operations | B15: 40
A16: Product | B16: 25

Sheet Data
A1: Month | B1: Department | C1: Planned Hires | D1: Actual Hires | E1: Attrition | F1: Planned Headcount | G1: Actual Headcount | H1: Headcount Variance | I1: Headcount Variance % | J1: Planned Spend (Rs lakh) | K1: Actual Spend (Rs lakh) | L1: Spend Variance (Rs lakh) | M1: Spend Variance %
A2: 45748 | B2: Engineering | C2: 3 | D2: 3 | E2: 1 | F2: =Assumptions!$B$13+C2 -> 63 | G2: =Assumptions!$B$13+D2-E2 -> 62 | H2: =G2-F2 -> -1 | I2: =IF(F2=0,0,H2/F2) -> -0.015873016 | J2: 168.6 | K2: 160.7 | L2: =K2-J2 -> -7.9 | M2: =IF(J2=0,0,L2/J2) -> -0.046856465
A3: 45748 | B3: Finance | C3: 1 | D3: 1 | E3: 0 | F3: =Assumptions!$B$14+C3 -> 21 | G3: =Assumptions!$B$14+D3-E3 -> 21 | H3: =G3-F3 -> 0 | I3: =IF(F3=0,0,H3/F3) -> 0 | J3: 45.8 | K3: 44.9 | L3: =K3-J3 -> -0.9 | M3: =IF(J3=0,0,L3/J3) -> -0.019650655
A4: 45748 | B4: Operations | C4: 2 | D4: 2 | E4: 1 | F4: =Assumptions!$B$15+C4 -> 42 | G4: =Assumptions!$B$15+D4-E4 -> 41 | H4: =G4-F4 -> -1 | I4: =IF(F4=0,0,H4/F4) -> -0.023809524 | J4: 75.4 | K4: 84.2 | L4: =K4-J4 -> 8.8 | M4: =IF(J4=0,0,L4/J4) -> 0.11671088
A5: 45748 | B5: Product | C5: 1 | D5: 1 | E5: 0 | F5: =Assumptions!$B$16+C5 -> 26 | G5: =Assumptions!$B$16+D5-E5 -> 26 | H5: =G5-F5 -> 0 | I5: =IF(F5=0,0,H5/F5) -> 0 | J5: 64 | K5: 61.4 | L5: =K5-J5 -> -2.6 | M5: =IF(J5=0,0,L5/J5) -> -0.040625
A6: 45778 | B6: Engineering | C6: 3 | D6: 2 | E6: 0 | F6: =F2+C6 -> 66 | G6: =G2+D6-E6 -> 64 | H6: =G6-F6 -> -2 | I6: =IF(F6=0,0,H6/F6) -> -0.03030303 | J6: 175.2 | K6: 165.6 | L6: =K6-J6 -> -9.6 | M6: =IF(J6=0,0,L6/J6) -> -0.054794521
A7: 45778 | B7: Finance | C7: 0 | D7: 0 | E7: 0 | F7: =F3+C7 -> 21 | G7: =G3+D7-E7 -> 21 | H7: =G7-F7 -> 0 | I7: =IF(F7=0,0,H7/F7) -> 0 | J7: 45.8 | K7: 46.1 | L7: =K7-J7 -> 0.3 | M7: =IF(J7=0,0,L7/J7) -> 0.0065502183
A8: 45778 | B8: Operations | C8: 2 | D8: 2 | E8: 1 | F8: =F4+C8 -> 44 | G8: =G4+D8-E8 -> 42 | H8: =G8-F8 -> -2 | I8: =IF(F8=0,0,H8/F8) -> -0.045454545 | J8: 77.8 | K8: 87.4 | L8: =K8-J8 -> 9.6 | M8: =IF(J8=0,0,L8/J8) -> 0.12339332
A9: 45778 | B9: Product | C9: 1 | D9: 0 | E9: 0 | F9: =F5+C9 -> 27 | G9: =G5+D9-E9 -> 26 | H9: =G9-F9 -> -1 | I9: =IF(F9=0,0,H9/F9) -> -0.037037037 | J9: 66 | K9: 61 | L9: =K9-J9 -> -5 | M9: =IF(J9=0,0,L9/J9) -> -0.075757576
A10: 45809 | B10: Engineering | C10: 3 | D10: 3 | E10: 1 | F10: =F6+C10 -> 69 | G10: =G6+D10-E10 -> 66 | H10: =G10-F10 -> -3 | I10: =IF(F10=0,0,H10/F10) -> -0.043478261 | J10: 181.8 | K10: 167.6 | L10: =K10-J10 -> -14.2 | M10: =IF(J10=0,0,L10/J10) -> -0.078107811
A11: 45809 | B11: Finance | C11: 0 | D11: 0 | E11: 0 | F11: =F7+C11 -> 21 | G11: =G7+D11-E11 -> 21 | H11: =G11-F11 -> 0 | I11: =IF(F11=0,0,H11/F11) -> 0 | J11: 45.8 | K11: 44.9 | L11: =K11-J11 -> -0.9 | M11: =IF(J11=0,0,L11/J11) -> -0.019650655
A12: 45809 | B12: Operations | C12: 1 | D12: 2 | E12: 0 | F12: =F8+C12 -> 45 | G12: =G8+D12-E12 -> 44 | H12: =G12-F12 -> -1 | I12: =IF(F12=0,0,H12/F12) -> -0.022222222 | J12: 79 | K12: 87.9 | L12: =K12-J12 -> 8.9 | M12: =IF(J12=0,0,L12/J12) -> 0.11265823
A13: 45809 | B13: Product | C13: 1 | D13: 1 | E13: 0 | F13: =F9+C13 -> 28 | G13: =G9+D13-E13 -> 27 | H13: =G13-F13 -> -1 | I13: =IF(F13=0,0,H13/F13) -> -0.035714286 | J13: 68 | K13: 64 | L13: =K13-J13 -> -4 | M13: =IF(J13=0,0,L13/J13) -> -0.058823529
A14: 45839 | B14: Engineering | C14: 3 | D14: 3 | E14: 1 | F14: =F10+C14 -> 72 | G14: =G10+D14-E14 -> 68 | H14: =G14-F14 -> -4 | I14: =IF(F14=0,0,H14/F14) -> -0.055555556 | J14: 188.4 | K14: 169 | L14: =K14-J14 -> -19.4 | M14: =IF(J14=0,0,L14/J14) -> -0.1029724
A15: 45839 | B15: Finance | C15: 1 | D15: 1 | E15: 0 | F15: =F11+C15 -> 22 | G15: =G11+D15-E15 -> 22 | H15: =G15-F15 -> 0 | I15: =IF(F15=0,0,H15/F15) -> 0 | J15: 47.6 | K15: 47 | L15: =K15-J15 -> -0.6 | M15: =IF(J15=0,0,L15/J15) -> -0.012605042
A16: 45839 | B16: Operations | C16: 2 | D16: 2 | E16: 1 | F16: =F12+C16 -> 47 | G16: =G12+D16-E16 -> 45 | H16: =G16-F16 -> -2 | I16: =IF(F16=0,0,H16/F16) -> -0.042553191 | J16: 81.4 | K16: 90.6 | L16: =K16-J16 -> 9.2 | M16: =IF(J16=0,0,L16/J16) -> 0.11302211
A17: 45839 | B17: Product | C17: 1 | D17: 1 | E17: 1 | F17: =F13+C17 -> 29 | G17: =G13+D17-E17 -> 27 | H17: =G17-F17 -> -2 | I17: =IF(F17=0,0,H17/F17) -> -0.068965517 | J17: 70 | K17: 64.1 | L17: =K17-J17 -> -5.9 | M17: =IF(J17=0,0,L17/J17) -> -0.084285714
... A49: 46082 | B49: Product | C49: 1 | D49: 1 | E49: 1 | F49: =F45+C49 -> 37 | G49: =G45+D49-E49 -> 30 | H49: =G49-F49 -> -7 | I49: =IF(F49=0,0,H49/F49) -> -0.18918919 | J49: 86 | K49: 69.2 | L49: =K49-J49 -> -16.8 | M49: =IF(J49=0,0,L49/J49) -> -0.19534884
